{"train_loss": [363.045407249814, 244.73814416310145, 180.66124834333147, 157.12903970385355, 145.76337784055679, 135.97010996985057, 128.08128296382844, 120.90988013857887, 114.67248426164899, 110.33360351078095, 105.1295394897461, 101.37121981666202, 97.4850111461821, 94.30911872500465, 92.62850770496186, 91.07204957992312, 90.42248062860398, 89.30415223136781, 87.6986585344587, 87.50891549246651, 86.79358830527654, 86.50685688805959, 85.28493257552859, 85.25696188306051, 84.79775710332962, 84.04646706959558, 83.87327472747319, 83.01838290502154, 83.0739011007642, 82.39067646813771, 81.94176816183423, 81.70565559750511, 81.31502363416884, 81.51585951305572, 81.0355212499225, 80.71362316797651, 80.12093147398933, 79.9177603948684, 79.32941043187701, 79.67058478461371, 79.04297759040954, 78.43681850130596, 78.13622059897772, 78.22458878774492, 77.72545750935872, 77.9144175090487, 77.2304206727043, 77.17901956467401, 76.49765396118164, 76.24105144682385], "val_loss": [259.84710106482873, 208.63350853553186, 167.5342782827524, 157.8350806603065, 148.78100409874548, 134.87845200758713, 116.174561720628, 117.97996462308444, 111.07405090332031, 105.05430955153246, 97.48034902719351, 95.92738283597507, 91.06145418607272, 88.95647606482872, 86.87644136868991, 86.67425713172325, 86.75834068885216, 87.8531746497521, 86.68782630333534, 82.78464977557843, 84.09353755070613, 83.16473623422476, 82.52609252929688, 82.4504148043119, 80.92041543813852, 83.3996335543119, 82.45211263803336, 82.62090947077824, 83.41454139122597, 80.15657102144681, 81.13350501427284, 80.79605982853816, 81.19889185978816, 93.70026280329778, 81.7549549983098, 83.16100722092848, 80.55942007211539, 81.89729426457332, 80.76852123553937, 80.70267251821664, 80.7661854670598, 81.70279693603516, 83.31257453331581, 81.9763923058143, 80.35100907545824, 80.2108749976525, 81.40847367506761, 80.56049170860878, 81.25999920184796, 81.09042417086087]}