{
  "heatmap": {
    "train": [
      0.016482963152229788,
      0.0032054871916770934,
      0.002811604192480445,
      0.0025450529661029575,
      0.002176650846377015,
      0.001796913250349462,
      0.0014593649869784713,
      0.00119604382943362,
      0.0010343887777999044,
      0.0009372973176650703,
      0.0008666279600001871,
      0.0008152771573513747,
      0.0007837791009806097,
      0.0007559916987083852,
      0.000725367233157158,
      0.0007074616062454879,
      0.0006848623333498836,
      0.0006754484488628805,
      0.0006617992864921689,
      0.0006523115672171116,
      0.0006364785097539425,
      0.0006276551042683423,
      0.0006171493306756019,
      0.0006047586193308234,
      0.0005973299234174192,
      0.0005952904191799462,
      0.0005863657565787435,
      0.0005793409678153693,
      0.0005738881258293986,
      0.0005715161587577313
    ],
    "val": [
      0.0035354493092745543,
      0.0029521362017840146,
      0.0027115508820861577,
      0.0024522052239626647,
      0.002027400163933635,
      0.0016638439428061248,
      0.0013609698368236423,
      0.0011276303324848414,
      0.0010179221211001276,
      0.0009557643672451377,
      0.0008711328892968595,
      0.0008452460751868784,
      0.0008568947971798479,
      0.0007630021055229008,
      0.0007601154665462672,
      0.0007465575146488845,
      0.0007432580599561334,
      0.0006857613939791917,
      0.0006958870287053287,
      0.0006882322556339204,
      0.0006803384167142212,
      0.0007022284693084657,
      0.0006427267822436988,
      0.000643372607883066,
      0.0006248770258389414,
      0.0006285862694494427,
      0.0006216525821946561,
      0.0006113382102921605,
      0.0006136157247237862,
      0.0006034980714321136
    ]
  },
  "regression": {
    "train": [
      0.02627868729829788,
      0.018028127789497375,
      0.01645902568846941,
      0.015383595377206802,
      0.01372460811585188,
      0.01175648083537817,
      0.011126549683511257,
      0.010913733795285225,
      0.010539490997791291,
      0.010070661075413228,
      0.010093277029693126,
      0.009850216135382651,
      0.009472566805779934,
      0.009557404316961766,
      0.009695597790181637,
      0.009500804170966149,
      0.009504465743899345,
      0.00931709636002779,
      0.009184640385210514,
      0.009213988043367862,
      0.009058916114270687,
      0.009054589405655861,
      0.008951727971434594,
      0.008989369489252568,
      0.00891407335549593,
      0.008844042725861073,
      0.008997005809098482,
      0.008815085619688034,
      0.008873060211539269,
      0.008860685326159001
    ],
    "val": [
      0.017882708236575128,
      0.014429258927702904,
      0.014408396854996681,
      0.013066233769059181,
      0.014650934264063836,
      0.01010786671191454,
      0.009019791036844254,
      0.00987777378410101,
      0.008984760455787182,
      0.010107789896428585,
      0.00868374366313219,
      0.008510918729007244,
      0.008568801954388618,
      0.008513581715524196,
      0.01045124601572752,
      0.008559248596429824,
      0.01188451886177063,
      0.009237721599638461,
      0.00884654462337494,
      0.008452241979539395,
      0.008762378208339215,
      0.008450688123703002,
      0.010073031894862652,
      0.008599308021366596,
      0.009045051336288452,
      0.00890975471585989,
      0.009747814498841762,
      0.009151610992848874,
      0.008543757982552051,
      0.008628805316984654
    ]
  }
}